product,Bazaar,Lidl,Market In,My Market,Synka,ΑΒ Βασιλόπουλος,Γαλαξίας,Κρητικός,Μασούτης,Σκλαβενίτης,Χαλκιαδάκης
 ARIEL Υγρό Απορρυπαντικό Alpine - 60 Πλύσεις,,,,11.99,11.99,11.99,11.92,,11.99,11.98,11.99
3 ΑΛΦΑ Φακές Ψιλές Θεσσαλίας 500g,2.44,,,2.72,2.22,2.3,2.12,2.22,2.22,2.22,2.44
AGRINO Exotic Ρύζι Basmati Ινδίας 500g,3.35,3.35,,3.46,3.49,3.42,3.35,3.35,3.35,3.35,3.46
AGRINO Σουπέ Ρύζι Γλασέ 500g,2.04,,,2.18,2.07,2.08,1.99,2.04,2.04,2.04,1.97
AGRINO Φάνσυ Ρύζι Blue Rose 500g,2.22,,,2.35,2.26,2.27,2.21,2.22,2.22,2.22,2.25
"AMITA Motion Χυμός Φυσικός 1,5lt",3.29,,,3.28,3.38,3.28,3.35,3.28,3.28,3.28,3.36
AMITA Motion Χυμός Φυσικός 1lt,2.39,1.79,,2.41,1.92,2.4,2.39,2.4,1.92,2.4,2.37
AVA Υγρό Πιάτων Hand Dish Perle 900ml Gr Soap&mastic,,1.96,,2.04,1.99,2.27,1.99,1.99,1.99,1.96,1.84
IFANTIS Κοτομπουκιές Barbeque 500g,,,,6.26,6.26,7.3,6.95,6.96,,6.95,5.9
KERRYGOLD Tirotrella Τυρί σε Μπαστουνάκια 80g,,2.96,,2.52,,3.1,2.98,,2.94,2.98,2.94
KOLIOS Γιαούρτι Στραγγιστό 2% 850g,,3.19,2.99,3.97,3.15,,3.98,,3.94,2.96,3.18
LION Δημητριακά Ολικής Άλεσης Καραμέλα Σοκολάτα 400gr,4.4,4.4,,4.41,4.68,4.49,4.4,4.4,4.4,4.4,4.52
MELISSA Κριθαράκι Μέτριο 500g,1.2,0.72,,0.78,1.02,0.72,0.85,0.94,0.94,0.72,0.88
MELISSA Λαζανάκι 500g,1.2,,,0.99,1.27,1.05,0.95,1.16,1.16,0.99,1.12
MELISSA Σπαγγετίνη Νο7 500g,0.94,,,0.75,0.87,0.8,0.65,0.87,0.87,0.75,0.8
MELISSA Τορτελίνι με 5 Τυριά 250g,2.99,,,1.88,2.46,1.73,1.76,2.25,2.25,1.73,1.96
MELISSA Φιογκάκι 500g,1.65,,,1.16,1.36,1.2,1.07,,1.29,1.07,
POP BAKERY Φρέσκια Ζύμη για Αφράτη Πίτσα 400g,,,,3.94,3.94,3.29,3.65,3.94,3.94,3.28,2.16
PUMMARO Ντομάτα Πασσάτα Κλασική 3x250g,2.2,,,1.58,2.23,1.57,1.65,1.55,1.55,1.55,1.38
QUAKER Τραγανές Μπουκιές Δημητριακών με Βρώμη & Σοκολάτα Γάλακτος 450g,4.2,4.22,,4.26,4.11,5.32,4.37,3.99,3.99,3.7,4.09
SEPTONA Family Μωρομάντιλα Dermasoft Χαμομήλι 100τεμ,1.59,,,1.86,1.74,1.81,1.26,2.17,2.17,1.79,1.42
ΔΕΛΤΑ Smart Επιδόρπιο Γιαουρτιού Φράουλα 3x140g,3.19,3.18,,3.18,3.18,3.31,,3.18,3.18,3.18,3.18
ΖΩΓΡΑΦΟΣ Ζάχαρη Καστανή Vegan Χωρίς γλουτένη 500g,1.55,,,1.53,1.68,1.6,1.55,,1.55,1.55,1.55
ΚΑΡΑΜΟΛΕΓΚΟΣ Ψίχατοστ Ψωμί για Τοστ Σταρένιο 480g,1.74,,,1.74,1.56,1.74,1.75,1.75,1.75,1.74,1.72
ΛΟΥΜΙΔΗΣ ΠΑΠΑΓΑΛΟΣ Παραδοσιακός Καφές Ελληνικός 340g,,,,7.81,7.8,7.8,7.8,7.8,7.8,7.8,7.85
ΛΟΥΜΙΔΗΣ ΠΑΠΑΓΑΛΟΣ Παραδοσιακός Καφές Ελληνικός 490g,10.95,10.48,,10.5,10.95,10.48,10.48,10.48,10.48,10.48,10.95
ΜΑΚΕΔΟΝΙΚΟ ΤΑΧΙΝΙ με Κακάο Vegan Χωρίς γλουτένη  350g,,,,5.19,5.53,3.28,5.14,5.18,5.18,3.11,3.27
ΠΑΠΑΔΟΠΟΥΛΟΥ Τοστ Ψίχα Ψωμί Για Τοστ Σίτου Vegan 450g,1.86,,,1.75,1.85,1.85,1.85,,1.85,1.83,1.76
ΠΑΠΑΔΟΠΟΥΛΟΥ Χωριανό Ψωμί για Τοστ Πολύσπορο Vegan 540g,1.98,,,1.92,2.48,1.98,1.98,1.98,1.98,1.98,1.97
ΤΟ ΜΑΝΝΑ Παξιμάδι Λαδιού Τύπου Κυθήρων 400g,3.5,,,3.5,3.5,3.5,3.4,3.5,3.5,3.5,3.5
